"Row","FIPS","GENC","Country/Area Name","Year","Population","Annual Growth Rate %","Area (sq km)","Density (per sq km)","Total Fertility Rate","Life Expectancy at Birth","Under-5 Mortality Rate"
"1","AF","AF","Afghanistan","2023","39232003","2.262","652230","60.2","4.528","54.05","151.27"
"2","AL","AL","Albania","2023","3101621","0.19","27398","113.2","1.5459","79.7","12.33"
"3","AG","DZ","Algeria","2023","44758398","1.27","2381740","18.8","2.4662","78.27","22.27"
"4","AQ","AS","American Samoa","2023","44620","-1.737","198","225.4","2.134","75.58","12.44"
"5","AN","AD","Andorra","2023","85468","-0.111","468","182.6","1.4564","83.61","4.06"
"6","AO","AO","Angola","2023","35981281","3.344","1246700","28.9","5.7627","62.51","87.05"
"7","AV","AI","Anguilla","2023","19079","1.766","91","209.7","1.7227","82.41","4.36"
"8","AC","AG","Antigua and Barbuda","2023","101489","1.133","443","229.1","1.943","78.04","16.82"
"9","AR","AR","Argentina","2023","46621847","0.802","2736690","17","2.168","78.55","10.76"
"10","AM","AM","Armenia","2023","2989091","-0.402","28203","106","1.652","76.4","13.46"
"11","AA","AW","Aruba","2023","123702","1.108","180","687.2","1.8244","78.25","13.68"
"12","AS","AU","Australia","2023","26461166","1.186","7682300","3.4","1.7327","83.28","3.56"
"13","AU","AT","Austria","2023","8940860","0.308","82445","108.4","1.5136","82.48","3.81"
"14","AJ","AZ","Azerbaijan","2023","10420515","0.627","82629","126.1","1.8587","74.42","25.48"
"15","BF","BS","Bahamas, The","2023","358508","0.802","10010","35.8","1.9734","76.38","14.93"
"16","BA","BH","Bahrain","2023","1553886","0.847","760","2044.6","1.6593","80.13","11.85"
"17","BG","BD","Bangladesh","2023","167184465","0.912","130170","1284.4","2.08","74.96","36.43"
"18","BB","BB","Barbados","2023","303431","0.241","430","705.7","1.7037","78.79","11.85"
"19","BO","BY","Belarus","2023","9383853","-0.323","202900","46.2","1.5169","74.54","5.08"
"20","BE","BE","Belgium","2023","11913633","0.547","30278","393.5","1.7661","82.06","3.86"
"21","BH","BZ","Belize","2023","419137","1.609","22806","18.4","2.586","76.08","12.65"
"22","BN","BJ","Benin","2023","14219908","3.314","110622","128.5","5.3863","62.6","81.84"
"23","BD","BM","Bermuda","2023","72576","0.32","54","1344","1.8912","82.25","2.88"
"24","BT","BT","Bhutan","2023","876181","0.956","38394","22.8","1.77","73.01","32.83"
"25","BL","BO","Bolivia","2023","12186079","1.058","1083301","11.2","2.262","72.5","27.71"
"26","BK","BA","Bosnia and Herzegovina","2023","3807764","-0.233","51187","74.4","1.3718","78.22","5.81"
"27","BC","BW","Botswana","2023","2417596","1.374","566730","4.3","2.366","66.04","31.19"
"28","BR","BR","Brazil","2023","218689757","0.635","8358140","26.2","1.75","76.1","16.52"
"29","BX","BN","Brunei","2023","484991","1.428","5265","92.1","1.738","78.61","11.75"
"30","BU","BG","Bulgaria","2023","6827736","-0.663","108489","62.9","1.5073","75.83","9.16"
"31","UV","BF","Burkina Faso","2023","22489126","2.461","273800","82.1","4.144","63.82","78.88"
"32","BM","MM","Burma","2023","57970293","0.754","653508","88.7","1.998","70.21","40.16"
"33","BY","BI","Burundi","2023","13162952","3.586","25680","512.6","4.9646","67.77","52.13"
"34","CV","CV","Cabo Verde","2023","603901","1.185","4033","149.7","2.112","74.02","28.03"
"35","CB","KH","Cambodia","2023","16891245","1.038","176515","95.7","2.204","71.03","38.37"
"36","CM","CM","Cameroon","2023","30135732","2.729","472710","63.8","4.498","63.74","70.75"
"37","CA","CA","Canada","2023","38516736","0.73","9093507","4.2","1.5745","83.99","4.99"
"38","CJ","KY","Cayman Islands","2023","65483","1.79","264","248","1.8201","82.25","8.69"
"39","CT","CF","Central African Republic","2023","5552228","1.769","622984","8.9","3.99","55.96","122.55"
"40","CD","TD","Chad","2023","18523165","3.052","1259200","14.7","5.35","59.57","105.34"
"41","CI","CL","Chile","2023","18549457","0.632","743812","24.9","1.752","80.02","7.45"
"42","CH","CN","China","2023","1413142846","0.176","9326410","151.5","1.45","78.23","7.57"
"43","CO","CO","Colombia","2023","49336454","0.537","1038700","47.5","1.9434","74.89","13.79"
"44","CN","KM","Comoros","2023","888378","1.335","2235","397.5","2.692","67.5","76.95"
"45","CF","CG","Congo (Brazzaville)","2023","5677493","2.332","341500","16.6","4.318","62.51","68.88"
"46","CG","CD","Congo (Kinshasa)","2023","111859928","3.126","2267048","49.3","5.56","62.23","78.61"
"47","CW","CK","Cook Islands","2023","7939","-2.305","236","33.6","2.0421","77.39","18.63"
"48","CS","CR","Costa Rica","2023","5256612","0.983","51060","102.9","1.8565","79.87","9.39"
"49","HR","HR","Croatia","2023","4169239","-0.465","55974","74.5","1.4553","77.47","10.34"
"50","CU","CU","Cuba","2023","10985974","-0.192","109820","100","1.7087","79.87","5.1"
"51","UC","CW","Curaçao","2023","152849","0.298","444","344.3","1.97","79.65","8.64"
"52","CY","CY","Cyprus","2023","1308120","1.003","9241","141.6","1.4845","79.96","9.28"
"53","EZ","CZ","Czechia","2023","10706242","-0.001","77247","138.6","1.4953","79.96","2.93"
"54","IV","CI","Côte d'Ivoire","2023","29344847","2.162","318003","92.3","3.466","62.71","73.75"
"55","DA","DK","Denmark","2023","5946984","0.441","42434","140.1","1.7693","81.87","3.53"
"56","DJ","DJ","Djibouti","2023","976143","1.932","23180","42.1","2.13","65.61","61.86"
"57","DO","DM","Dominica","2023","74656","0.021","751","99.4","2.014","78.45","12.67"
"58","DR","DO","Dominican Republic","2023","10790744","0.883","48320","223.3","2.198","72.84","24.84"
"59","EC","EC","Ecuador","2023","17483326","1.1","276841","63.2","2.018","78.25","21.07"
"60","EG","EG","Egypt","2023","109546720","1.587","995450","110","2.762","74.72","20.32"
"61","ES","SV","El Salvador","2023","6602370","0.455","20721","318.6","2.036","75.63","13.73"
"62","EK","GQ","Equatorial Guinea","2023","1737695","3.357","28051","61.9","4.1915","63.8","105.74"
"63","ER","ER","Eritrea","2023","6274796","1.075","101000","62.1","3.502","67.19","58.4"
"64","EN","EE","Estonia","2023","1202762","-0.738","42388","28.4","1.6172","78.12","4.02"
"65","WZ","SZ","Eswatini","2023","1130043","0.723","17204","65.7","2.406","60.22","48.73"
"66","ET","ET","Ethiopia","2023","116462712","2.418","1096570","106.2","3.918","68.59","45.15"
"67","FO","FO","Faroe Islands","2023","52600","0.633","1393","37.8","2.2787","81.47","7.32"
"68","FJ","FJ","Fiji","2023","947760","0.416","18274","51.9","2.232","74.54","16.42"
"69","FI","FI","Finland","2023","5614571","0.222","303815","18.5","1.7384","81.96","2.54"
"70","FR","FR","France","2023","68521974","0.311","640427","107","2.0236","82.79","4.08"
"71","FP","PF","French Polynesia","2023","301488","0.695","3827","78.8","1.8","78.66","12.04"
"72","GB","GA","Gabon","2023","2397368","2.389","257667","9.3","3.26","70.03","40.25"
"73","GA","GM","Gambia, The","2023","2468569","2.228","10120","243.9","3.658","67.98","57.64"
"74","GZ","XG","Gaza Strip","2023","2037744","1.986","360","5660.4","3.34","75.66","17.54"
"75","GG","GE","Georgia","2023","4936390","0.009","69700","70.8","1.7494","77.74","15.86"
"76","GM","DE","Germany","2023","84220184","-0.117","348672","241.5","1.5789","81.72","3.81"
"77","GH","GH","Ghana","2023","33846114","2.189","227533","148.8","3.61","69.72","44.02"
"78","GI","GI","Gibraltar","2023","29629","0.186","7","4232.7","1.8972","80.65","7.19"
"79","GR","GR","Greece","2023","10497595","-0.347","130647","80.4","1.4024","81.71","4.06"
"80","GL","GL","Greenland","2023","57777","-0.036","2166086","0","1.896","74.25","10.83"
"81","GJ","GD","Grenada","2023","114299","0.294","344","332.3","1.918","76","12.66"
"82","GQ","GU","Guam","2023","169330","0.131","544","311.3","2.756","77.74","12.48"
"83","GT","GT","Guatemala","2023","17980803","1.536","107159","167.8","2.57","73.18","33.1"
"84","GK","GG","Guernsey","2023","67642","0.22","78","867.2","1.5864","83.42","3.82"
"85","GV","GN","Guinea","2023","13607249","2.75","245717","55.4","4.818","64.27","71.68"
"86","PU","GW","Guinea-Bissau","2023","2078820","2.539","28120","73.9","4.654","64.1","70.36"
"87","GY","GY","Guyana","2023","791739","0.28","196849","4","2.056","72.15","25.74"
"88","HA","HT","Haiti","2023","11470261","1.178","27560","416.2","2.388","66.3","52.97"
"89","HO","HN","Honduras","2023","9571352","1.162","111890","85.5","1.976","75.43","16.61"
"90","HK","HK","Hong Kong","2023","7288167","0.146","1073","6792.3","1.2295","83.8","3.38"
"91","HU","HU","Hungary","2023","9670009","-0.31","89608","107.9","1.4884","77.44","5.39"
"92","IC","IS","Iceland","2023","360872","0.892","100250","3.6","1.946","83.83","2.51"
"93","IN","IN","India","2023","1399179585","0.7","2973193","470.6","2.065","67.69","34.18"
"94","ID","ID","Indonesia","2023","279476346","0.757","1811569","154.3","1.986","73.33","23.04"
"95","IR","IR","Iran","2023","87590873","0.93","1531595","57.2","1.9174","75.44","16.85"
"96","IZ","IQ","Iraq","2023","41266109","1.936","437367","94.4","3.174","73.45","22.94"
"97","EI","IE","Ireland","2023","5323991","0.91","68883","77.3","1.9084","81.87","3.98"
"98","IM","IM","Isle of Man","2023","91840","0.483","572","160.6","1.8832","82.25","4.89"
"99","IS","IL","Israel","2023","9043387","1.425","21497","420.7","2.542","83.54","4.24"
"100","IT","IT","Italy","2023","61021855","-0.107","294140","207.5","1.2388","82.79","3.68"
"101","JM","JM","Jamaica","2023","2820982","0.091","10831","260.5","2.052","76.01","12.66"
"102","JA","JP","Japan","2023","123719238","-0.41","364485","339.4","1.391","85","2.5"
"103","JE","JE","Jersey","2023","102785","0.605","116","886.1","1.6583","82.83","4.44"
"104","JO","JO","Jordan","2023","11086716","0.792","88802","124.8","2.914","76.26","15.68"
"105","KZ","KZ","Kazakhstan","2023","19543464","0.725","2699700","7.2","2.082","72.8","21.18"
"106","KE","KE","Kenya","2023","57052004","2.088","569140","100.2","3.226","70.04","36.78"
"107","KR","KI","Kiribati","2023","115372","1.022","811","142.3","2.178","68.22","41.6"
"108","KN","KP","Korea, North","2023","26072217","0.436","120408","216.5","1.89","71.88","27.31"
"109","KS","KR","Korea, South","2023","51966948","0.228","96920","536.2","1.112","83.17","3.41"
"110","KV","XK","Kosovo","2023","1964327","0.62","10887","180.4","1.8833","72.15","31.38"
"111","KU","KW","Kuwait","2023","3103580","1.131","17818","174.2","2.2212","79.35","8.9"
"112","KG","KG","Kyrgyzstan","2023","6122781","0.819","191801","31.9","2.474","72.63","28.29"
"113","LA","LA","Laos","2023","7852377","1.299","230800","34","2.298","68.59","45.81"
"114","LG","LV","Latvia","2023","1821750","-1.125","62249","29.3","1.548","76.16","5.96"
"115","LE","LB","Lebanon","2023","5331203","0.635","10230","521.1","1.71","79","7.58"
"116","LT","LS","Lesotho","2023","2210646","0.76","30355","72.8","2.884","59.87","61.57"
"117","LI","LR","Liberia","2023","5506280","2.713","96320","57.2","4.732","65.8","57.19"
"118","LY","LY","Libya","2023","7252573","1.538","1759540","4.1","3.04","77.42","12.63"
"119","LS","LI","Liechtenstein","2023","39993","0.703","160","250","1.6913","82.76","4.77"
"120","LH","LT","Lithuania","2023","2655755","-1.042","62680","42.4","1.6126","75.95","4.3"
"121","LU","LU","Luxembourg","2023","660924","1.581","2586","255.6","1.6316","83.17","3.65"
"122","MC","MO","Macau","2023","639971","0.713","28","22856.1","1.23","85.16","5.18"
"123","MA","MG","Madagascar","2023","28812195","2.222","581540","49.5","3.546","68.47","54.7"
"124","MI","MW","Malawi","2023","21279597","2.278","94080","226.2","3.296","72.71","54.11"
"125","MY","MY","Malaysia","2023","34219975","1.013","328657","104.1","1.7403","76.38","7.92"
"126","MV","MV","Maldives","2023","389568","-0.166","298","1307.3","1.704","77.19","32.26"
"127","ML","ML","Mali","2023","21359722","2.925","1220190","17.5","5.45","62.81","91.92"
"128","MT","MT","Malta","2023","467138","0.594","316","1478.3","1.5078","83.39","5.59"
"129","RM","MH","Marshall Islands","2023","80966","1.301","181","447.3","2.716","74.92","25.72"
"130","MR","MR","Mauritania","2023","4244878","1.957","1030700","4.1","3.464","65.57","76.27"
"131","MP","MU","Mauritius","2023","1309448","0.087","2030","645","1.353","75.13","14.02"
"132","MX","MX","Mexico","2023","129875529","0.611","1943945","66.8","1.7348","73.46","13.81"
"133","FM","FM","Micronesia, Federated States of","2023","100319","-0.7","702","142.9","2.218","74.71","26.05"
"134","MD","MD","Moldova","2023","3250532","-1.136","32891","98.8","1.5916","72.72","13.11"
"135","MN","MC","Monaco","2023","31597","0.658","2","15798.5","1.5346","89.64","1.96"
"136","MG","MN","Mongolia","2023","3255468","0.827","1553556","2.1","1.89","71.65","23.71"
"137","MJ","ME","Montenegro","2023","602445","-0.425","13452","44.8","1.8073","77.99","3.57"
"138","MH","MS","Montserrat","2023","5440","0.46","102","53.3","1.3228","75.91","11.4"
"139","MO","MA","Morocco","2023","37067420","0.876","716550","51.7","2.272","73.95","22.34"
"140","MZ","MZ","Mozambique","2023","32513805","2.548","786380","41.3","4.735","57.7","91.42"
"141","WA","NA","Namibia","2023","2777232","1.804","823290","3.4","2.938","67.04","41.54"
"142","NR","NR","Nauru","2023","9852","0.416","21","469.1","2.584","68.25","10.23"
"143","NP","NP","Nepal","2023","30899443","0.738","143351","215.6","1.876","72.67","30.34"
"144","NL","NL","Netherlands","2023","17463930","0.36","33893","515.3","1.7719","82.36","3.97"
"145","NC","NC","New Caledonia","2023","300682","1.166","18275","16.5","1.844","79.06","8.73"
"146","NZ","NZ","New Zealand","2023","5109702","1.06","264537","19.3","1.856","82.74","4.09"
"147","NU","NI","Nicaragua","2023","6359689","0.907","119990","53","1.784","75.05","22.31"
"148","NG","NE","Niger","2023","25396840","3.658","1266700","20","6.7291","60.48","102.52"
"149","NI","NG","Nigeria","2023","230842743","2.527","910768","253.5","4.5669","61.79","83.39"
"150","MK","MK","North Macedonia","2023","2133410","0.11","25433","83.9","1.5197","77.09","8.17"
"151","CQ","MP","Northern Mariana Islands","2023","51295","-0.349","472","108.7","2.5946","76.83","13.92"
"152","NO","NO","Norway","2023","5597924","0.785","304282","18.4","1.8267","82.75","2.81"
"153","MU","OM","Oman","2023","3833465","1.796","309500","12.4","2.6723","77.16","18.72"
"154","PK","PK","Pakistan","2023","247653551","1.906","770875","321.3","3.393","69.96","67.25"
"155","PS","PW","Palau","2023","21779","0.39","459","47.4","1.7","74.91","13.33"
"156","PM","PA","Panama","2023","4404108","1.505","74340","59.2","2.3669","78.44","19.68"
"157","PP","PG","Papua New Guinea","2023","9819350","2.306","452860","21.7","3.8517","69.74","40.61"
"158","PA","PY","Paraguay","2023","7439863","1.118","397302","18.7","1.8849","78.61","28.77"
"159","PE","PE","Peru","2023","32440172","0.502","1279996","25.3","2.176","68.94","13.92"
"160","RP","PH","Philippines","2023","116434200","1.581","298170","390.5","2.7666","70.48","28.44"
"161","PL","PL","Poland","2023","37991766","-0.278","304255","124.9","1.4121","79","4.8"
"162","PO","PT","Portugal","2023","10223150","-0.171","91470","111.8","1.4355","81.71","3.02"
"163","RQ","PR","Puerto Rico","2023","3057311","-1.292","8869","344.7","1.2524","81.89","6.43"
"164","QA","QA","Qatar","2023","2532104","0.864","11586","218.5","1.9015","80.03","8.97"
"165","RO","RO","Romania","2023","18326327","-1.014","229891","79.7","1.6283","76.31","6.66"
"166","RS","RU","Russia","2023","141698923","-0.235","16377742","8.7","1.6008","72.72","7.97"
"167","RW","RW","Rwanda","2023","13400541","1.678","24668","543.2","3.232","66.21","33.72"
"168","TB","BL","Saint Barthelemy","2023","7093","-0.113","25","283.7","1.639","80.8","8.1"
"169","SH","SH","Saint Helena, Ascension, and Tristan da Cunha","2023","7935","0.113","394","20.1","1.6068","80.7","21.48"
"170","SC","KN","Saint Kitts and Nevis","2023","54817","0.589","261","210","1.7616","77.33","14.72"
"171","ST","LC","Saint Lucia","2023","167591","0.274","606","276.6","1.718","79.18","13"
"172","RN","MF","Saint Martin","2023","32897","0.307","54","609.2","1.8016","80.8","8.1"
"173","SB","PM","Saint Pierre and Miquelon","2023","5195","-1.193","242","21.5","1.5925","81.62","9.19"
"174","VC","VC","Saint Vincent and the Grenadines","2023","100804","-0.16","389","259.1","1.742","76.93","17.87"
"175","WS","WS","Samoa","2023","207501","0.646","2821","73.6","2.3741","75.46","21.86"
"176","SM","SM","San Marino","2023","34892","0.593","61","572","1.5323","84.05","6.9"
"177","TP","ST","Sao Tome and Principe","2023","220372","1.452","964","228.6","3.436","67.39","65.13"
"178","SA","SA","Saudi Arabia","2023","35939806","1.652","2149690","16.7","1.8891","76.91","13.7"
"179","SG","SN","Senegal","2023","18384660","2.515","192530","95.5","4.168","70.25","43.98"
"180","RI","RS","Serbia","2023","6693375","-0.625","77474","86.4","1.4629","75.08","5.23"
"181","SE","SC","Seychelles","2023","97617","0.6","455","214.5","1.812","76.36","14.95"
"182","SL","SL","Sierra Leone","2023","8908040","2.406","71620","124.4","3.708","59.07","97"
"183","SN","SG","Singapore","2023","5975383","0.897","709","8427.9","1.166","86.51","1.92"
"184","NN","SX","Sint Maarten","2023","45677","1.193","34","1343.4","1.9838","79.5","8.77"
"185","LO","SK","Slovakia","2023","5425319","-0.12","48105","112.8","1.464","78.55","5.68"
"186","SI","SI","Slovenia","2023","2099790","-0.08","20151","104.2","1.5989","82.02","1.97"
"187","BP","SB","Solomon Islands","2023","714766","1.687","27986","25.5","2.82","76.96","24.84"
"188","SO","SO","Somalia","2023","12693796","2.486","627337","20.2","5.2157","56.12","138.56"
"189","SF","ZA","South Africa","2023","58048332","0.91","1214470","47.8","2.166","65.6","30.49"
"190","OD","SS","South Sudan","2023","12118379","4.783","644329","18.8","5.2033","59.71","95.41"
"191","SP","ES","Spain","2023","47222613","0.124","498980","94.6","1.2859","82.78","2.91"
"192","CE","LK","Sri Lanka","2023","23326272","0.585","64630","360.9","1.9679","78.24","9.67"
"193","SU","SD","Sudan","2023","49197555","2.55","1861484","26.4","4.5358","67.45","60.74"
"194","NS","SR","Suriname","2023","639759","1.105","156000","4.1","1.906","72.57","38.68"
"195","SW","SE","Sweden","2023","10536338","0.505","410335","25.7","1.666","82.8","2.73"
"196","SZ","CH","Switzerland","2023","8563760","0.642","39997","214.1","1.5842","83.42","4.19"
"197","SY","SY","Syria","2023","22933531","6.39","185887","123.4","2.744","74.55","17.8"
"198","TW","TW","Taiwan","2023","23588613","0.031","32260","731.2","1.0943","81.38","4.64"
"199","TI","TJ","Tajikistan","2023","9245937","1.359","141510","65.3","2.42","69.66","43.94"
"200","TZ","TZ","Tanzania","2023","65642682","2.749","885800","74.1","4.33","70.48","42.27"
"201","TH","TH","Thailand","2023","69794997","0.196","510890","136.6","1.5415","77.91","8.53"
"202","TT","TL","Timor-Leste","2023","1476042","2.1","14874","99.2","4.092","70.21","41.68"
"203","TO","TG","Togo","2023","8703961","2.445","54385","160","4.18","71.71","57.31"
"204","TN","TO","Tonga","2023","105221","-0.298","717","146.8","2.702","77.78","14.06"
"205","TD","TT","Trinidad and Tobago","2023","1407460","0.118","5128","274.5","1.63","76.19","18.18"
"206","TS","TN","Tunisia","2023","11976182","0.634","155360","77.1","1.964","77.07","13.2"
"207","TU","TR","Turkey","2023","83593483","0.641","769632","108.6","1.912","76.47","21.63"
"208","TX","TM","Turkmenistan","2023","5690818","0.951","469930","12.1","2.028","72.11","44.64"
"209","TK","TC","Turks and Caicos Islands","2023","59367","1.814","948","62.6","1.7","81.04","13.69"
"210","TV","TV","Tuvalu","2023","11639","0.808","26","447.7","2.808","68.69","46.16"
"211","UG","UG","Uganda","2023","47729952","3.224","197100","242.2","5.264","69.32","40.49"
"212","UP","UA","Ukraine","2023","43306477","-0.518","579330","74.8","1.5664","73.72","8.64"
"213","AE","AE","United Arab Emirates","2023","9973449","0.58","83600","119.3","1.6216","79.75","5.48"
"214","UK","GB","United Kingdom","2023","68138484","0.49","241930","281.6","1.6307","82.05","4.32"
"215","US","US","United States","2023","339665118","0.6803","9150541","37.1","1.84295","80.75","6.21"
"216","UY","UY","Uruguay","2023","3416264","0.266","175015","19.5","1.752","78.66","10.32"
"217","UZ","UZ","Uzbekistan","2023","31360836","0.805","425400","73.7","1.724","75.55","22.54"
"218","NH","VU","Vanuatu","2023","313046","1.592","12189","25.7","2.592","75.4","16.37"
"219","VE","VE","Venezuela","2023","30518260","2.399","882050","34.6","2.2","74.25","16.65"
"220","VM","VN","Vietnam","2023","104799174","0.931","310070","338","2.0397","75.79","18.55"
"221","VI","VG","Virgin Islands, British","2023","39369","1.867","151","260.7","1.3656","79.9","14.91"
"222","VQ","VI","Virgin Islands, U.S.","2023","104917","-0.494","348","301.5","1.982","80.49","8.34"
"223","WF","WF","Wallis and Futuna","2023","15929","0.232","142","112.2","1.7097","80.89","4.39"
"224","WE","XW","West Bank","2023","3050760","1.662","5640","540.9","2.908","76.63","17.66"
"225","YM","YE","Yemen","2023","31565602","1.832","527968","59.8","2.912","67.83","60.51"
"226","ZA","ZM","Zambia","2023","20216029","2.862","743398","27.2","4.4907","66.6","52.31"
"227","ZI","ZW","Zimbabwe","2023","15418674","1.951","386847","39.9","3.876","63.79","42.56"